asin	title	subtitle	extended_product_description	authors	narrators	series_title	series_sequence	genres	runtime_length_min	is_finished	percent_complete	rating	num_ratings	date_added	release_date	cover_url	purchase_date
0143497421	Mahabharata, Vol. 2 (Part 1)			Bibek Debroy	Sumit Kaul	The Mahabharata	2	Literature & Fiction, Classics	384	False	1.3	4.6	18	2021-01-25T12:43:44.103Z	2020-09-29	https://m.media-amazon.com/images/I/51tPAGgChgL._SL500_.jpg	2021-01-25T12:43:44.103Z
014349743X	Mahabharata Vol 2 (Part 2)			Bibek Debroy	Sumit Kaul	The Mahabharata	2	Literature & Fiction, Classics, Literature & Fiction, Poetry, Themes & Styles, Epic	723	False	0.0	4.6	11	2021-01-26T14:42:11.950Z	2020-12-22	https://m.media-amazon.com/images/I/51tPAGgChgL._SL500_.jpg	2021-01-26T14:42:11.950Z
0143497456	Mahabharata Vol 3 (Part 2)			Bibek Debroy	Sumit Kaul	The Mahabharata	3	Literature & Fiction, Classics, Literature & Fiction, Poetry, Themes & Styles, Epic	408	False	0.0	4.7	7	2021-04-27T13:35:37.574Z	2020-12-09	https://m.media-amazon.com/images/I/51LxVTW7nJL._SL500_.jpg	2021-04-27T13:35:37.574Z
0143500023	The Mahabharata, Volume 1			Bibek Debroy - translator	Gaurav Marwa	The Mahabharata	1	Mystery, Thriller & Suspense, Mystery, Literature & Fiction, Classics	1197	False	0.5	4.3	45	2021-03-29T12:02:54.566Z	2019-07-30	https://m.media-amazon.com/images/I/51iJShu9IxL._SL500_.jpg	2021-03-29T12:02:54.566Z
1405951508	Why Has Nobody Told Me This Before?			Julie Smith	Julie Smith			Health & Wellness, Psychology & Mental Health, Psychology, Health & Wellness, Psychology & Mental Health, Mental Health, Parenting & Relationships, Self-Help, Emotions, Parenting & Relationships, Self-Help, Success	519	False	48.75	4.6	125	2023-04-16T19:13:48.325Z	2022-01-06	https://m.media-amazon.com/images/I/41ph5W1HlsL._SL500_.jpg	2023-04-16T19:13:48.325Z
1469078635	HBR's 10 Must Reads on Negotiation	HBR's 10 Must Reads Series		Harvard Business Review, Daniel Kahneman, Deepak Malhotra, Erin Meyer, Max H. Bazerman	Chloe Cannon, Brian Holden	HBR's 10 Must Reads series		Business & Careers, Management & Leadership, Management, Business & Careers, Management & Leadership, Negotiating, Business & Careers, Management & Leadership, Leadership, Business & Careers, Personal Success, Conflict Resolution, Business & Careers, Personal Success, Decision-Making & Problem Solving	350	False	0.0	4.3	19	2025-03-17T03:06:24.000Z	2019-12-31	https://m.media-amazon.com/images/I/41nx+YhqIPL._SL500_.jpg	2025-03-17T03:06:24.000Z
1473575346	Never Split the Difference	Negotiating as if Your Life Depended on It		Chris Voss, Tahl Raz	Michael Kramer			Business & Careers, Management & Leadership, Negotiating, Business & Careers, Management & Leadership, Forecasting & Strategic Planning, Business & Careers, Personal Success, Meetings & Presentations, Health & Wellness, Psychology & Mental Health, Psychology, Parenting & Relationships, Self-Help, Communication & Social Skills, Parenting & Relationships, Relationships	487	False	0.0	4.7	1445	2023-06-21T07:58:12.666Z	2019-06-20	https://m.media-amazon.com/images/I/41lEyMZPx4L._SL500_.jpg	2023-06-21T07:58:12.666Z
1663710635	Empathy	HBR Emotional Intelligence Series		Harvard Business Review	Daniel Henning, Rachel Perry	HBR Emotional Intelligence Series		Business & Careers, Management & Leadership, Leadership, Business & Careers, Personal Success, Health & Wellness, Psychology & Mental Health, Psychology, Parenting & Relationships, Self-Help, Success	106	False	0.0	4.1	10	2025-03-17T03:04:08.000Z	2020-12-22	https://m.media-amazon.com/images/I/414Y6LGmQ5L._SL500_.jpg	2025-03-17T03:04:08.000Z
1663710651	Mindfulness	HBR Emotional Intelligence Series		Harvard Business Review	Daniel Henning, Rachel Perry	HBR Emotional Intelligence Series		Business & Careers, Management & Leadership, Leadership, Business & Careers, Personal Success, Parenting & Relationships, Self-Help, Success	101	False	0.0	4.2	18	2025-03-17T03:04:10.000Z	2020-12-22	https://m.media-amazon.com/images/I/41nnuaiwpwL._SL500_.jpg	2025-03-17T03:04:10.000Z
1663710678	Happiness	HBR Emotional Intelligence Series		Harvard Business Review	Daniel Henning, Rachel Perry	HBR Emotional Intelligence Series		Business & Careers, Personal Success, Parenting & Relationships, Self-Help, Success	149	False	0.0	4.1	17	2025-03-17T03:04:06.000Z	2020-12-22	https://m.media-amazon.com/images/I/41ym4-raZQL._SL500_.jpg	2025-03-17T03:04:06.000Z
1663710694	Resilience	HBR Emotional Intelligence Series		Harvard Business Review	Daniel Henning, Rachel Perry	HBR Emotional Intelligence Series		Business & Careers, Management & Leadership, Leadership, Business & Careers, Personal Success, Health & Wellness, Psychology & Mental Health, Psychology, Parenting & Relationships, Self-Help, Success	124	False	0.0	4.5	85	2025-03-17T03:04:03.000Z	2020-12-22	https://m.media-amazon.com/images/I/41FzWzlww5L._SL500_.jpg	2025-03-17T03:04:03.000Z
1663710716	Harvard Business Review Emotional Intelligence Collection	Happiness, Resilience, Empathy, Mindfulness (HBR Emotional Intelligence Series)		Harvard Business Review	Daniel Henning, Rachel Perry	HBR Emotional Intelligence Series	1-4	Business & Careers, Workplace & Organisational Behaviour, Workplace Culture	481	False	0.0	4.6	13	2025-03-17T03:06:44.000Z	2020-12-29	https://m.media-amazon.com/images/I/41gJ+3WRt5L._SL500_.jpg	2025-03-17T03:06:44.000Z
1663712301	HBR's 10 Must Reads on Managing Yourself, Vol. 2	HBR's 10 Must Reads Series		Harvard Business Review	Steve Menasche, Teri Schnaubelt	HBR's 10 Must Reads series		Business & Careers, Management & Leadership, Management, Business & Careers, Management & Leadership, Leadership, Business & Careers, Personal Success, Time Management & Productivity, Business & Careers, Workplace & Organisational Behaviour, Organisational Behaviour, Business & Careers, Workplace & Organisational Behaviour, Workplace Culture	297	False	0.0	4.7	10	2024-08-14T08:55:05.000Z	2021-03-23	https://m.media-amazon.com/images/I/41vDGIOKukL._SL500_.jpg	2024-08-14T08:55:05.000Z
9354222129	How to Be a Writer			Ruskin Bond	Shubhankar			Children's Audiobooks, Biographies, Literary, Children's Audiobooks, Education & Learning, Reading & Writing	75	True	98.67	4.3	10	2021-06-01T04:38:38.370Z	2021-04-07	https://m.media-amazon.com/images/I/51ivDttlLJL._SL500_.jpg	2021-06-01T04:38:38.370Z
B01MQYCOUY	33 Strategies of War			Robert Greene	Donald Coren			Business & Careers, Personal Success, Business Communication	1650	False	5.21	4.7	66	2023-04-16T19:07:52.000Z	2015-07-22	https://m.media-amazon.com/images/I/41SDAvNO7wL._SL500_.jpg	2023-04-16T19:07:52.000Z
B01N0T6BLH	The Practicing Mind	Developing Focus and Discipline in Your Life		Thomas M. Sterner	Thomas M. Sterner			Business & Careers, Personal Success, Motivation & Self-Improvement, Parenting & Relationships, Self-Help, Success	231	False	0.43	4.6	378	2023-09-06T13:03:39.000Z	2009-12-27	https://m.media-amazon.com/images/I/51Fy2ZJjIbL._SL500_.jpg	2023-09-06T13:03:39.000Z
B01N145RIT	An Era of Darkness	The British Empire in India		Shashi Tharoor	Sagar Arya			Politics & Social Sciences, Politics & Government, Political Science, History & Theory, History, Asia, India, History, Asia, South Asia, History, Modern, 20th Century	746	False	53.08	4.4	292	2024-04-06T05:27:41.000Z	2017-01-26	https://m.media-amazon.com/images/I/61Oo70-37tL._SL500_.jpg	2024-04-06T05:27:41.000Z
B01N1UNFN7	Man's Search for Meaning			Viktor E. Frankl	Simon Vance			Politics & Social Sciences, Philosophy, Health & Wellness, Psychology & Mental Health, Psychology	284	False	3.17	4.6	1397	2023-01-20T05:42:06.000Z	2004-10-13	https://m.media-amazon.com/images/I/41QyFpuBhfL._SL500_.jpg	2023-01-20T05:42:06.000Z
B01N5HP6HL	The Art of War			Sun Tzu	Aidan Gillen			Politics & Social Sciences, Philosophy, Eastern, Politics & Social Sciences, Law, Business & Careers, Management & Leadership, Leadership, Business & Careers, Personal Success, Motivation & Self-Improvement, Literature & Fiction, Classics, History, Military, History, Asia, History, World, Parenting & Relationships, Self-Help	67	False	0.0	4.2	1109	2021-10-19T01:45:15.000Z	2015-03-31	https://m.media-amazon.com/images/I/51EE3GAdmfL._SL500_.jpg	2021-10-19T01:45:15.000Z
B01N5HQIUW	Art of Seduction	An Indispensible Primer on the Ultimate Form of Power		Robert Greene	Joseph Powers			Health & Wellness, Psychology & Mental Health, Psychology, Human Sexuality, Parenting & Relationships, Self-Help, Parenting & Relationships, Relationships, Mature Content, Sex Instruction	1371	False	9.34	4.6	158	2023-04-16T18:31:59.000Z	2015-05-01	https://m.media-amazon.com/images/I/41+FfYVLnEL._SL500_.jpg	2023-04-16T18:31:59.000Z
B01N7KKVCI	Adult Children of Emotionally Immature Parents	How to Heal from Distant, Rejecting, or Self-Involved Parents		Lindsay C. Gibson PsyD	Marguerite Gavin			Health & Wellness, Psychology & Mental Health, Psychology, Psychotherapy, Health & Wellness, Psychology & Mental Health, Mental Health, Parenting & Relationships, Self-Help, Success, Parenting & Relationships, Parenting, Parents & Adult Children, Parenting & Relationships, Parenting, Dysfunctional Families	410	False	11.95	4.9	79	2023-02-04T02:22:30.000Z	2016-05-10	https://m.media-amazon.com/images/I/513IGk0PimL._SL500_.jpg	2023-02-04T02:22:30.000Z
B01N9JVGZM	48 Laws of Power			Robert Greene	Richard Poe			Politics & Social Sciences, Philosophy, Ethics & Morality, Politics & Social Sciences, Politics & Government, Political Science, History & Theory, History, World	1386	False	0.0	4.7	587	2023-04-16T18:31:50.000Z	2015-05-01	https://m.media-amazon.com/images/I/41dTDMW9IhL._SL500_.jpg	2023-04-16T18:31:50.000Z
B01NCMMQRM	A History of British India			The Great Courses, Hayden J. Bellenoit	Hayden J. Bellenoit	The Great Courses: Modern History		History, World	731	False	0.0	4.5	161	2023-11-06T02:54:37.000Z	2017-01-06	https://m.media-amazon.com/images/I/51pzfvAsCHL._SL500_.jpg	2023-11-06T02:54:37.000Z
B01NCO21DU	The Great Gatsby			F. Scott Fitzgerald	Jake Gyllenhaal			Literature & Fiction, Classics, Literature & Fiction, Genre Fiction, Movie, TV & Video Game Tie-Ins, Literature & Fiction, Genre Fiction, Literary Fiction, Romance, Contemporary	289	False	16.26	4.3	496	2023-07-25T16:03:27.000Z	2013-04-09	https://m.media-amazon.com/images/I/51khTykACTL._SL500_.jpg	2023-07-25T16:03:27.000Z
B01NCOGYVL	The Bipolar Disorder Survival Guide	What You and Your Family Need to Know		David J. Miklowitz	Kris Koscheski			Politics & Social Sciences, Social Sciences, Health & Wellness, Medicine & Health Care Industry, Health & Wellness, Psychology & Mental Health, Psychology, Health & Wellness, Psychology & Mental Health, Mental Health, Mood Disorders	793	False	24.09	4.3	3	2022-09-21T17:45:26.524Z	2013-05-06	https://m.media-amazon.com/images/I/51mesuLqPzL._SL500_.jpg	2022-09-21T17:45:26.524Z
B06WRT8ZTS	Sherlock Holmes: The Definitive Collection			Stephen Fry - introductions, Arthur Conan Doyle	Stephen Fry	Sherlock Holmes	1-6	Mystery, Thriller & Suspense, Mystery, Private Investigators, Mystery, Thriller & Suspense, Mystery, Traditional Detectives, Literature & Fiction, Classics	4317	False	9.13	4.9	1116	2018-12-17T08:35:52.351Z	2017-02-27	https://m.media-amazon.com/images/I/51Sdo-tcpnL._SL500_.jpg	2018-12-17T08:35:52.351Z
B06WW85WTL	Feeling Good	The New Mood Therapy		David D. Burns MD	George Newbern			Health & Wellness, Psychology & Mental Health, Psychology, Health & Wellness, Psychology & Mental Health, Mental Health, Mood Disorders, Parenting & Relationships, Self-Help, Self-Esteem, Parenting & Relationships, Relationships, Friendship	800	False	42.12	4.5	35	2023-04-16T19:14:40.665Z	2017-03-21	https://m.media-amazon.com/images/I/51ixV6lf9AL._SL500_.jpg	2023-04-16T19:14:40.665Z
B06WWN96LC	Norse Mythology			Neil Gaiman	Neil Gaiman			Literature & Fiction, Science Fiction & Fantasy, Fantasy, Fairy Tales	389	False	0.0	4.6	484	2021-06-25T13:04:25.265Z	2017-02-24	https://m.media-amazon.com/images/I/61p28xCRQoL._SL500_.jpg	2021-06-25T13:04:25.265Z
B071952L2Q	Cosmos	A Personal Voyage		Carl Sagan	LeVar Burton, Seth MacFarlane, Neil deGrasse Tyson, Ann Druyan			Science & Engineering, Science, Physics, Science & Engineering, Science, Biological Sciences, Science & Engineering, Science, Earth Sciences, Science & Engineering, Science, Astronomy & Space Science, Science & Engineering, Science, Astronomy & Space Science	871	False	9.99	4.8	306	2020-10-23T09:53:05.632Z	2017-05-30	https://m.media-amazon.com/images/I/51e91glnHUL._SL500_.jpg	2020-10-23T09:53:05.632Z
B0788ZVXL9	No More Mr. Nice Guy	A Proven Plan for Getting What You Want in Love, Sex and Life (Updated)		Dr Robert Glover	Dr Robert Glover			Parenting & Relationships, Relationships	409	False	6.36	4.6	386	2023-05-02T04:28:12.000Z	2017-12-21	https://m.media-amazon.com/images/I/51FunaYxc9L._SL500_.jpg	2023-05-02T04:28:12.000Z
B078Z5YC15	Crossroads of Twilight	Book Ten of The Wheel of Time		Robert Jordan	Kate Reading, Michael Kramer	The Wheel of Time	10	Science Fiction & Fantasy, Fantasy, Epic, Science Fiction & Fantasy, Fantasy, Action & Adventure	1564	False	0.0	3.9	46	2025-04-07T11:40:00.945Z	2003-01-17	https://m.media-amazon.com/images/I/51vk0weCG0L._SL500_.jpg	2025-04-07T11:40:00.945Z
B0793D7365	The Dragon Reborn	Book Three of The Wheel of Time		Robert Jordan	Kate Reading, Michael Kramer	The Wheel of Time	3	Science Fiction & Fantasy, Fantasy, Epic, Science Fiction & Fantasy, Fantasy, Action & Adventure	1488	False	98.39	4.7	86	2021-11-10T03:18:17.769Z	2003-12-28	https://m.media-amazon.com/images/I/51mcAFVS4fL._SL500_.jpg	2021-11-10T03:18:17.769Z
B079B59VKY	The Daily Stoic	366 Meditations on Wisdom, Perseverance, and the Art of Living		Ryan Holiday, Stephen Hanselman	Brian Holsopple			Politics & Social Sciences, Philosophy, History, Politics & Social Sciences, Philosophy, Greek & Roman, Business & Careers, Personal Success, Motivation & Self-Improvement, Parenting & Relationships, Self-Help, Success	606	False	95.21	4.7	83	2022-09-03T07:07:14.174Z	2016-10-18	https://m.media-amazon.com/images/I/514WgltUohL._SL500_.jpg	2022-09-03T07:07:14.174Z
B079BCHG7K	Self-Compassion Step by Step	The Proven Power of Being Kind to Yourself		Kristin Neff	Kristin Neff PhD			Health & Wellness, Alternative & Complementary Medicine, Meditation, Parenting & Relationships, Self-Help, Success	400	False	34.0	4.9	9	2024-06-06T11:34:20.531Z	2013-06-26	https://m.media-amazon.com/images/I/51un2TE9SpL._SL500_.jpg	2024-06-06T11:34:20.531Z
B079BD2VFV	The Decline and Fall of the Roman Empire			Edward Gibbon	Charlton Griffin			History, Ancient, Rome, History, World, Civilisation	7591	False	0.57	4.7	3	2019-02-05T07:19:49.851Z	2015-04-21	https://m.media-amazon.com/images/I/517uJiaXOoL._SL500_.jpg	2019-02-05T07:19:49.851Z
B079BG853Q	The Extraordinary Adventures of Arsene Lupin, Gentleman Burglar [Classic Tales Edition]			Maurice Leblanc	B.J. Harrison	Arsène Lupin	1	Mystery, Thriller & Suspense, Mystery, Anthologies & Short Stories, Mystery, Thriller & Suspense, Mystery, Traditional Detectives, Mystery, Thriller & Suspense, Mystery, International Mystery & Crime, Literature & Fiction, Anthologies & Short Stories, Anthologies, Literature & Fiction, Classics	372	False	0.0	4.4	493	2021-07-07T09:48:57.749Z	2015-08-25	https://m.media-amazon.com/images/I/61FPdZ4OzAL._SL500_.jpg	2021-07-07T09:48:57.749Z
B079CG74RL	An Economic History of the World since 1400			Donald J. Harreld, The Great Courses	Donald J. Harreld	The Great Courses: Business & Economics		Money & Finance, Economics, History, World	1465	False	0.0	4.7	103	2023-11-06T02:55:03.000Z	2016-08-19	https://m.media-amazon.com/images/I/51yqJ9RuBgL._SL500_.jpg	2023-11-06T02:55:03.000Z
B079J3VN3J	The Brothers Karamazov [Naxos AudioBooks Edition]			Constance Garnett - translator, Fyodor Dostoevsky	Constantine Gregory			Literature & Fiction, Classics, Literature & Fiction, Genre Fiction, Literary Fiction, Literature & Fiction, Genre Fiction, War & Military	2224	False	0.13	4.6	56	2022-03-03T13:01:43.000Z	2012-12-30	https://m.media-amazon.com/images/I/51DpA-g11JL._SL500_.jpg	2022-03-03T13:01:43.000Z
B079SKQZYZ	Les Misérables			Victor Hugo	Bill Homewood			Literature & Fiction, Classics, Literature & Fiction, Historical, Literature & Fiction, Genre Fiction, Sagas, Literature & Fiction, Genre Fiction, Literary Fiction	4073	False	0.12	3.7	3	2019-01-13T16:02:53.923Z	2015-04-29	https://m.media-amazon.com/images/I/613FCU-5u-L._SL500_.jpg	2019-01-13T16:02:53.923Z
B079TKVWDQ	The Shadow Rising	Book Four of The Wheel of Time		Robert Jordan	Kate Reading, Michael Kramer	The Wheel of Time	4	Science Fiction & Fantasy, Fantasy, Epic	2473	True	9.99	4.7	88	2022-03-21T17:24:59.218Z	2003-12-28	https://m.media-amazon.com/images/I/51q3FzspIQL._SL500_.jpg	2022-03-21T17:24:59.218Z
B079TLLXYX	The Great Hunt	Book Two of The Wheel Of Time		Robert Jordan	Kate Reading, Michael Kramer	The Wheel of Time	2	Science Fiction & Fantasy, Fantasy, Epic, Science Fiction & Fantasy, Fantasy, Action & Adventure	1594	True	62.92	4.7	94	2021-10-05T02:52:27.987Z	2003-12-28	https://m.media-amazon.com/images/I/51OSpV9NnsL._SL500_.jpg	2021-10-05T02:52:27.987Z
B079TN3JQZ	Lord of Chaos	Book Six of The Wheel of Time		Robert Jordan	Kate Reading, Michael Kramer	The Wheel of Time	6	Science Fiction & Fantasy, Fantasy, Epic, Science Fiction & Fantasy, Fantasy, Action & Adventure	2492	False	0.0	4.8	67	2024-04-06T05:30:21.538Z	2004-12-26	https://m.media-amazon.com/images/I/515u1LtI9uL._SL500_.jpg	2024-04-06T05:30:21.538Z
B079TN3VGM	The Eye of the World	Book One of The Wheel of Time		Robert Jordan	Kate Reading, Michael Kramer	The Wheel of Time	1	Science Fiction & Fantasy, Fantasy, Epic	1797	False	8.07	4.6	115	2021-09-27T11:40:06.824Z	2006-12-31	https://m.media-amazon.com/images/I/516PPlGGZML._SL500_.jpg	2021-09-27T11:40:06.824Z
B079TP4Q4K	Path of Daggers	Book Eight of The Wheel of Time		Robert Jordan	Michael Kramer, Kate Reading	The Wheel of Time	8	Science Fiction & Fantasy, Fantasy, Epic, Science Fiction & Fantasy, Fantasy, Action & Adventure	1405	False	0.0	4.3	43	2023-09-06T13:04:53.043Z	2008-11-11	https://m.media-amazon.com/images/I/51yCXmohJjL._SL500_.jpg	2023-09-06T13:04:53.043Z
B079V61CW1	New Spring	The Wheel of Time Prequel		Robert Jordan	Kate Reading, Michael Kramer	The Wheel of Time	0	Science Fiction & Fantasy, Fantasy, Epic, Science Fiction & Fantasy, Fantasy, Action & Adventure	758	False	0.0	4.6	33	2024-04-06T05:29:57.468Z	2003-12-28	https://m.media-amazon.com/images/I/51I0mNibihL._SL500_.jpg	2024-04-06T05:29:57.468Z
B079VQZD5B	Rapt	Attention and the Focused Life		Winifred Gallagher	Laural Merlington			Health & Wellness, Psychology & Mental Health, Psychology, Social Psychology & Interactions, Parenting & Relationships, Self-Help, Success	465	False	15.05	4.3	12	2023-05-04T04:00:44.052Z	2009-04-16	https://m.media-amazon.com/images/I/41tZmLFiaYL._SL500_.jpg	2023-05-04T04:00:44.052Z
B079WXF1QG	The Fires of Heaven	Book Five of The Wheel of Time		Robert Jordan	Kate Reading, Michael Kramer	The Wheel of Time	5	Science Fiction & Fantasy, Fantasy, Epic	2187	False	0.0	4.7	62	2023-09-06T13:05:08.484Z	2004-12-26	https://m.media-amazon.com/images/I/51Sh0soMKOL._SL500_.jpg	2023-09-06T13:05:08.484Z
B079X4ZZ42	Matilda	Narrated by Kate Winslet		Roald Dahl	Kate Winslet	The Roald Dahl Classic Collection		Children's Audiobooks, Growing Up & Facts of Life, Family Life, Children's Audiobooks, Growing Up & Facts of Life, Social & Life Skills, Children's Audiobooks, Literature & Fiction, Family Life, Children's Audiobooks, Literature & Fiction, Classics, Children's Audiobooks, Science Fiction & Fantasy, Fantasy & Magic	258	False	9.3	4.8	230	2018-11-08T05:17:41.090Z	2014-09-11	https://m.media-amazon.com/images/I/41aQJM+mWdL._SL500_.jpg	2018-11-08T05:17:41.090Z
B079X8NNP3	Debt - Updated and Expanded	The First 5,000 Years		David Graeber	Grover Gardner			Politics & Social Sciences, Anthropology, Money & Finance, Economics, Theory, Money & Finance, Economics, Economic History, History, Ancient, History, World	1068	False	23.03	4.7	62	2024-11-22T07:45:24.000Z	2015-09-15	https://m.media-amazon.com/images/I/51udTwX1UxL._SL500_.jpg	2024-11-22T07:45:24.000Z
B07B4K379R	Inglorious Empire	What the British Did to India		Shashi Tharoor	Shashi Tharoor			Politics & Social Sciences, Politics & Government, Ideologies & Doctrines, Politics & Social Sciences, Politics & Government, Colonialism & Post-Colonialism, History, Asia, India, History, Asia, South Asia, History, Europe, Great Britain	633	False	0.0	4.7	1183	2024-04-06T05:24:16.992Z	2018-05-17	https://m.media-amazon.com/images/I/51DdznB9I3L._SL500_.jpg	2024-04-06T05:24:16.992Z
B07B8MFMZC	David Attenborough - Life on Air	Memoirs of a Broadcaster		David Attenborough	David Attenborough			Sports & Outdoors, Outdoors & Nature, Biographies & Memoirs, Adventurers, Explorers & Survival, Biographies & Memoirs, Entertainment & Celebrity, Science & Engineering, Science, Biological Sciences	1163	False	0.0	4.8	18	2020-11-30T14:29:08.954Z	2010-10-01	https://m.media-amazon.com/images/I/41+Wt+p6UKL._SL500_.jpg	2020-11-30T14:29:08.954Z
B07D15933K	Fry's English Delight (Series 1)			Stephen Fry	Stephen Fry			Politics & Social Sciences, Social Sciences, Linguistics	112	False	0.0	4.5	6	2020-06-30T13:16:26.909Z	2200-01-01	https://m.media-amazon.com/images/I/51Z1ZzIsM-L._SL500_.jpg	2020-06-30T13:16:26.909Z
B07D17MKH7	Fry's English Delight (Series 2)			Stephen Fry	Stephen Fry			Politics & Social Sciences, Social Sciences, Linguistics	112	False	0.0	4.8	5	2020-06-30T13:17:17.394Z	2200-01-01	https://m.media-amazon.com/images/I/51V4U5ywlvL._SL500_.jpg	2020-06-30T13:17:17.394Z
B07DQW9CGC	A Fine Balance			Rohinton Mistry	Vikas Adam			Literature & Fiction, Historical, Literature & Fiction, Genre Fiction, Sagas, Literature & Fiction, Genre Fiction, Literary Fiction	1549	False	12.78	4.6	149	2024-12-30T04:39:13.398Z	2018-06-19	https://m.media-amazon.com/images/I/41e9Hdntk7L._SL500_.jpg	2024-12-30T04:39:13.398Z
B07FW4FP2S	Terry Pratchett: BBC Radio Drama Collection	Seven BBC Radio 4 Full-Cast Dramatisations		Terry Pratchett	Martin Jarvis, Sheila Hancock, Anton Lesser, Alex Jennings, Philip Jackson, Mark Heap, full cast			Science Fiction & Fantasy, Fantasy, Dramatisations	793	False	0.0	4.6	11	2020-09-10T10:03:06.623Z	2018-11-01	https://m.media-amazon.com/images/I/61K1-7x2u3L._SL500_.jpg	2020-09-10T10:03:06.623Z
B07G3G444L	101 Essays That Will Change the Way You Think			Brianna Wiest	Abby Craden			Politics & Social Sciences, Philosophy, Health & Wellness, Psychology & Mental Health, Psychology, Parenting & Relationships, Self-Help, Success	645	False	29.77	4.4	186	2024-05-18T18:02:58.000Z	2018-08-21	https://m.media-amazon.com/images/I/41UMKWmPb5L._SL500_.jpg	2024-05-18T18:02:58.000Z
B07J1PK5Q7	Atomic Habits	Tiny Changes, Remarkable Results		James Clear	James Clear			Business & Careers, Personal Success, Motivation & Self-Improvement, Health & Wellness, Psychology & Mental Health, Psychology, Parenting & Relationships, Self-Help, Stress Management, Parenting & Relationships, Self-Help, Success, Parenting & Relationships, Relationships	335	True	0.0	4.8	17668	2020-06-30T11:46:06.341Z	2018-10-18	https://m.media-amazon.com/images/I/41wuB-s8vRL._SL500_.jpg	2020-06-30T11:46:06.341Z
B07K8X92Y1	Panchatantra			Pandit Vishnu Sharma, G. L. Chandiramani	Shernaz Patel			Children's Audiobooks, Fairy Tales, Folk Tales & Myths, Children's Audiobooks, Literature & Fiction	451	False	0.0	4.3	109	2025-05-15T08:02:47.000Z	2018-11-08	https://m.media-amazon.com/images/I/61P3JypGYXL._SL500_.jpg	2025-05-15T08:02:47.000Z
B07LGXFYY5	Norse Mythology	A BBC Radio 4 Full-Cast Dramatisation		Neil Gaiman	full cast, Diana Rigg, Derek Jacobi, Natalie Dormer, Colin Morgan	Neil Gaiman Full-Cast Radio Adaptations		Literature & Fiction, Historical	87	True	0.0	4.6	103	2021-08-26T02:52:36.281Z	2019-02-21	https://m.media-amazon.com/images/I/51dTcZox3jL._SL500_.jpg	2021-08-26T02:52:36.281Z
B07S2YZTNW	Wuthering Heights			Emily Brontë	Shernaz Patel			Literature & Fiction, Classics, Literature & Fiction, Genre Fiction, Literary Fiction, Romance	788	False	0.0	4.2	208	2021-08-20T03:57:31.208Z	2019-05-22	https://m.media-amazon.com/images/I/51aREZykN2L._SL500_.jpg	2021-08-20T03:57:31.208Z
B07VP9FT7M	Meditations	Penguin Classics		Marcus Aurelius, Diskin Clay, Martin Hammond	Richard Armitage			Politics & Social Sciences, Philosophy, History, Politics & Social Sciences, Philosophy, Greek & Roman, Politics & Social Sciences, Philosophy, Ethics & Morality	378	False	32.54	4.6	125	2022-04-24T05:49:47.671Z	2019-09-26	https://m.media-amazon.com/images/I/51xKjW7Y1bL._SL500_.jpg	2022-04-24T05:49:47.671Z
B07XYDDX6G	The Body Keeps the Score	Mind, Brain and Body in the Transformation of Trauma		Bessel van der Kolk	Sean Pratt			Religion & Spirituality, Spirituality, Meditation, Health & Wellness, Psychology & Mental Health, Psychology, Health & Wellness, Psychology & Mental Health, Mental Health	976	False	17.01	4.8	126	2022-12-20T07:15:25.999Z	2019-10-24	https://m.media-amazon.com/images/I/41nC1z83dlL._SL500_.jpg	2022-12-20T07:15:25.999Z
B07YZRB2PX	The Anarchy	The Relentless Rise of the East India Company		William Dalrymple	Sid Sagar			Politics & Social Sciences, Politics & Government, Colonialism & Post-Colonialism, History, Military, Wars & Conflicts, History, Asia, India, History, Asia, South Asia, History, Modern, 18th Century	943	False	8.17	4.6	507	2024-12-30T04:43:37.033Z	2019-10-17	https://m.media-amazon.com/images/I/517imywCFYL._SL500_.jpg	2024-12-30T04:43:37.033Z
B08233RHH9	Recovering from Emotionally Immature Parents	Practical Tools to Establish Boundaries and Reclaim Your Emotional Autonomy		Lindsay C. Gibson PsyD	Suzie Althens			Health & Wellness, Psychology & Mental Health, Psychology, Parenting & Relationships, Self-Help, Success, Parenting & Relationships, Parenting, Parents & Adult Children, Parenting & Relationships, Parenting, Dysfunctional Families	436	False	0.0	5.0	7	2023-02-04T06:26:30.711Z	2019-12-02	https://m.media-amazon.com/images/I/51bJLyeGZ0L._SL500_.jpg	2023-02-04T06:26:30.711Z
B082T3GSG9	HBR's 10 Must Reads on Mental Toughness	HBR's 10 Must Reads Series		Harvard Business Review, Martin E. P. Seligman, Tony Schwartz, Warren G. Bennis, Robert J. Thomas	Emily Durante, Tim Paige	HBR's 10 Must Reads series		Business & Careers, Management & Leadership, Leadership, Business & Careers, Personal Success, Motivation & Self-Improvement, Health & Wellness, Psychology & Mental Health, Psychology, Occupational & Organisational, Parenting & Relationships, Self-Help, Emotions, Parenting & Relationships, Self-Help, Success	270	False	0.0	3.9	34	2024-08-14T08:54:38.000Z	2019-12-24	https://m.media-amazon.com/images/I/417YTEm2DCL._SL500_.jpg	2024-08-14T08:54:38.000Z
B085DL23SL	The Alignment Problem	Machine Learning and Human Values		Brian Christian	Brian Christian			Computers & Technology, Computer Science, Computers & Technology, History & Culture, Science & Engineering, Science	813	False	0.0	4.7	10	2025-01-29T07:08:35.018Z	2020-10-06	https://m.media-amazon.com/images/I/51NTItonR1L._SL500_.jpg	2025-01-29T07:08:35.018Z
B085GKVG1H	The Lion and the Mouse			Lavanya R. N	Karthik Kumar			Children's Audiobooks, Animals & Nature, Animals, Lions, Tigers & Leopards, Children's Audiobooks, Animals & Nature, Animals, Mice, Hamsters, Guinea Pigs & Squirrels, Children's Audiobooks, Literature & Fiction, Animal Fiction	8	False	0.0	4.7	81	2025-05-15T08:01:50.000Z	2020-03-05	https://m.media-amazon.com/images/I/61YRRZ0XRQL._SL500_.jpg	2025-05-15T08:01:50.000Z
B085KCMDFF	The Monkey and the Crocodile			Shobha Viswanath	Naseeruddin Shah			Children's Audiobooks, Animals & Nature, Animals, Reptiles & Amphibians, Children's Audiobooks, Animals & Nature, Animals, Apes & Monkeys, Children's Audiobooks, Literature & Fiction, Animal Fiction	20	False	0.0	4.5	11	2025-05-15T08:00:56.000Z	2020-03-06	https://m.media-amazon.com/images/I/51Akg7iunzL._SL500_.jpg	2025-05-15T08:00:56.000Z
B086MC8XPH	Hanuman the Mighty			Shobha Viswanath	Girish Karnad			Children's Audiobooks, Growing Up & Facts of Life, Social & Life Skills, Children's Audiobooks, Literature & Fiction	23	False	0.0	4.6	17	2025-05-15T08:01:57.000Z	2020-03-31	https://m.media-amazon.com/images/I/51psodCQLBL._SL500_.jpg	2025-05-15T08:01:57.000Z
B086MJRDQT	Kalidasa’s Abhijnanashakuntalam	The Recognition of Shakuntala		Kalidasa, Lakshmi Lal - adaptation	Shobhana			Religion & Spirituality, Hinduism	67	False	8.96	4.7	232	2025-05-15T08:02:29.000Z	2020-03-31	https://m.media-amazon.com/images/I/61L3mG9QpGL._SL500_.jpg	2025-05-15T08:02:29.000Z
B086VTHFQK	Why I Am an Atheist and Other Works			Bhagat Singh	Siddhanta Pinto			Biographies & Memoirs, Politics & Activism, Activists, History, Asia, India, History, Asia, South Asia	180	False	0.0	4.7	411	2024-06-06T03:55:47.000Z	2020-04-08	https://m.media-amazon.com/images/I/51menhFZXVL._SL500_.jpg	2024-06-06T03:55:47.000Z
B086WQYZCV	The Sandman			Neil Gaiman, Dirk Maggs	Riz Ahmed, Kat Dennings, Taron Egerton, Neil Gaiman, James McAvoy, Samantha Morton, Bebe Neuwirth, Andy Serkis, Michael Sheen	The Sandman	1	Science Fiction & Fantasy, Fantasy, Epic, Science Fiction & Fantasy, Fantasy, Dark Fantasy	662	False	0.0	4.6	1423	2020-07-30T15:55:32.194Z	2020-07-15	https://m.media-amazon.com/images/I/61CEI+8TpdL._SL500_.jpg	2020-07-30T15:55:32.194Z
B086XHG8DN	What We Talk About When We Talk About Rape			Sohaila Abdulali	Sohaila Abdulali			Politics & Social Sciences, Social Sciences, Gender Issues, Women's Studies, Parenting & Relationships, Relationships, Abuse, Sexual Abuse & Harassment	357	False	0.84	4.4	9	2024-08-19T06:00:17.061Z	2020-04-11	https://m.media-amazon.com/images/I/41wGN92T8EL._SL500_.jpg	2024-08-19T06:00:17.061Z
B0897V2QL5	A Life on Our Planet	My Witness Statement and Vision for the Future		David Attenborough	David Attenborough			Biographies & Memoirs, Entertainment & Celebrity, Science & Engineering, Science, Earth Sciences	380	False	0.0	4.8	70	2020-10-28T13:54:43.139Z	2020-10-01	https://m.media-amazon.com/images/I/414yJNUZ9cL._SL500_.jpg	2020-10-28T13:54:43.139Z
B089KVG9T6	Attached			Amir Levine, Rachel Heller	Robert Petkoff			Health & Wellness, Psychology & Mental Health, Psychology, Psychotherapy, Parenting & Relationships, Self-Help, Success, Parenting & Relationships, Relationships, Marriage, Parenting & Relationships, Relationships, Love & Romance	426	False	35.68	4.6	108	2024-05-10T09:52:02.552Z	2020-07-09	https://m.media-amazon.com/images/I/412mpaCuOML._SL500_.jpg	2024-05-10T09:52:02.552Z
B08BG56HZK	Heist with Michael Caine			Michael Caine				Biographies & Memoirs, True Crime	270	False	0.0	4.6	58	2020-07-15T07:42:47.421Z	2023-04-26	https://m.media-amazon.com/images/I/51rRLLqFZ5L._SL500_.jpg	2020-07-15T07:42:47.421Z
B08FV8MXVP	The Velveteen Rabbit			Margery Williams	Richard Armitage			Children's Audiobooks, Animals & Nature, Animals, Rabbits, Children's Audiobooks, Literature & Fiction, Animal Fiction, Children's Audiobooks, Literature & Fiction, Classics, Children's Audiobooks, Literature & Fiction, Stories About Toys	24	False	0.0	4.7	170	2021-10-19T01:45:52.566Z	2020-08-14	https://m.media-amazon.com/images/I/616ICFHBAXL._SL500_.jpg	2021-10-19T01:45:52.566Z
B08NK6S2XR	Gutfull: What to Eat for a Happy Gut			Dr Joanna McMillan				Health & Wellness, Fitness, Diet & Nutrition, Diets, Nutrition & Healthy Eating	300	False	0.0	3.9	7	2021-08-26T02:50:32.667Z	2020-12-14	https://m.media-amazon.com/images/I/51YheKlu-PL._SL500_.jpg	2021-08-26T02:50:32.667Z
B08P252FRK	Mahabharata Vol 3 (Part 1)			Bibek Debroy	Sumit Kaul	The Mahabharata	3	Literature & Fiction, Classics, Literature & Fiction, Poetry, Themes & Styles, Epic	988	False	6.38	4.5	8	2021-03-15T15:50:46.982Z	2020-11-26	https://m.media-amazon.com/images/I/51kK1YBjQEL._SL500_.jpg	2021-03-15T15:50:46.982Z
B08QSF73VZ	Orwell Collection	Animal Farm & 1984		George Orwell	Stephen Fry			Literature & Fiction, Classics	978	False	0.0	4.7	294	2021-10-19T01:44:20.000Z	2021-01-12	https://m.media-amazon.com/images/I/413yOQY47ML._SL500_.jpg	2021-10-19T01:44:20.000Z
B08VKM4CWP	Designing Data-Intensive Applications	The Big Ideas Behind Reliable, Scalable, and Maintainable Systems		Martin Kleppmann	Benjamin Lange			Business & Careers, Computers & Technology, Data Science, Science & Engineering, Engineering	1256	False	14.57	4.8	64	2021-07-27T13:46:55.530Z	2021-02-05	https://m.media-amazon.com/images/I/512ESwpmobL._SL500_.jpg	2021-07-27T13:46:55.530Z
B096H14G49	Many Ramayanas, Many Lessons			Anand Neelkanthan, Anand Neelakantan	Manish Dongardive			Religion & Spirituality, Hinduism, Religion & Spirituality, Spirituality	678	False	0.0	4.7	39	2021-08-26T02:40:44.776Z	2021-07-30	https://m.media-amazon.com/images/I/513sM5Rs7DL._SL500_.jpg	2021-08-26T02:40:44.776Z
B09CQF1T1K	Self-Care for Adult Children of Emotionally Immature Parents	Honor Your Emotions, Nurture Your Self, and Live with Confidence		Lindsay C. Gibson PsyD	Rachel Perry			Health & Wellness, Psychology & Mental Health, Psychology, Parenting & Relationships, Self-Help, Success, Parenting & Relationships, Parenting, Dysfunctional Families, Parenting & Relationships, Relationships	440	False	46.36	5.0	8	2023-02-04T06:01:13.000Z	2021-09-01	https://m.media-amazon.com/images/I/41U1T8vS+vL._SL500_.jpg	2023-02-04T06:01:13.000Z
B09DYZB32D	Valmiki's Women	Five Tales from the Ramayana		Anand Neelakantan	Meher Acharia Dar			Literature & Fiction, Genre Fiction, Literary Fiction, Science Fiction & Fantasy, Fantasy, Fairy Tales	448	False	0.0	4.4	361	2021-10-19T01:43:38.000Z	2021-08-31	https://m.media-amazon.com/images/I/51oYGlfAGbL._SL500_.jpg	2021-10-19T01:43:38.000Z
B09LVTCT1K	Mahabharata Vol 9			Bibek Debroy	Abhishek Sharma	The Mahabharata	9	Literature & Fiction, Classics	1771	False	0.0	4.5	2	2022-11-23T15:41:15.441Z	2021-11-30	https://m.media-amazon.com/images/I/41u2umPdaQL._SL500_.jpg	2022-11-23T15:41:15.441Z
B09LVW27GM	Mahabharata Vol 8			Bibek Debroy	Abhishek Sharma	The Mahabharata	8	Literature & Fiction, Classics	1633	False	0.0	5.0	2	2022-11-23T02:43:20.543Z	2021-11-30	https://m.media-amazon.com/images/I/61YWDWAUihL._SL500_.jpg	2022-11-23T02:43:20.543Z
B09LVW4QT7	Mahabharata Vol 6			Bibek Debroy	Abhishek Sharma	The Mahabharata	6	Literature & Fiction, Classics	1447	False	0.0	5.0	6	2022-07-22T11:58:42.203Z	2021-11-30	https://m.media-amazon.com/images/I/51IkZuMpZpL._SL500_.jpg	2022-07-22T11:58:42.203Z
B09LVWK4RX	Mahabharata Vol 7			Bibek Debroy	Abhishek Ajay Sharma	The Mahabharata	7	Literature & Fiction, Classics	1375	False	0.0	4.8	4	2022-07-22T11:58:50.426Z	2022-03-08	https://m.media-amazon.com/images/I/51GbQYeBQ0L._SL500_.jpg	2022-07-22T11:58:50.426Z
B09LVWMKX7	Mahabharata Vol 5			Bibek Debroy	Abhishek Sharma	The Mahabharata	5	Literature & Fiction, Classics	1635	False	0.0	4.8	6	2022-06-10T02:28:39.623Z	2021-11-30	https://m.media-amazon.com/images/I/419X+DMT2UL._SL500_.jpg	2022-06-10T02:28:39.623Z
B09M4F9TZZ	Mahabharata Vol 4			Bibek Debroy	Abhishek Sharma			Literature & Fiction, Classics	1649	False	0.0	4.8	5	2022-06-10T02:28:31.915Z	2021-11-30	https://m.media-amazon.com/images/I/51hGaMOisIL._SL500_.jpg	2022-06-10T02:28:31.915Z
B09M4W3J64	Mahabharata Vol 10			Bibek Debroy	Abhishek Sharma			Literature & Fiction, Classics	1656	False	0.0	5.0	1	2023-06-21T07:55:38.442Z	2021-11-30	https://m.media-amazon.com/images/I/51t9hEMS0PL._SL500_.jpg	2023-06-21T07:55:38.442Z
B09PNVJ2SB	Bulls, Bears and Other Beasts	A Story of the Indian Stock Market		Santosh Nair	Swetanshu Bora			Business & Careers, Management & Leadership, Management, Money & Finance, Investing & Trading	668	False	28.44	4.7	737	2023-04-16T18:32:16.000Z	2022-01-18	https://m.media-amazon.com/images/I/5167wZEcv+L._SL500_.jpg	2023-04-16T18:32:16.000Z
B09RBG9PXX	Ambedkar's India	A Collection of 3 Works by BR Ambedkar on Castes and the Constitution		B.R. Ambedkar	Mishal Varma			Biographies & Memoirs, Politics & Activism, Activists, History, Asia, India, History, Asia, South Asia	272	False	2.21	4.4	294	2022-04-08T09:41:13.000Z	2022-04-04	https://m.media-amazon.com/images/I/51M3JE1rT4L._SL500_.jpg	2022-04-08T09:41:13.000Z
B09WFVS56M	HBR at 100	The Most Influential and Innovative Articles from Harvard Business Review's First Century		Harvard Business Review	Carolyn Jania, Jonathan Yen			Business & Careers, Management & Leadership, Forecasting & Strategic Planning, Business & Careers, Management & Leadership, Leadership	1027	False	66.89	4.1	7	2025-03-17T03:04:36.000Z	2022-03-29	https://m.media-amazon.com/images/I/41xwPia5dAL._SL500_.jpg	2025-03-17T03:04:36.000Z
B0B1958HW6	HBR's 10 Must Reads on High Performance	"With Bonus Article ""The Right Way to Form New Habits”. An Interview with James Clear"		Harvard Business Review	Carolyn Jania, William Sarris			Business & Careers, Management & Leadership, Management, Business & Careers, Personal Success, Motivation & Self-Improvement	372	False	11.29	4.8	6	2024-08-14T08:54:46.000Z	2022-05-31	https://m.media-amazon.com/images/I/41mwG-+3tVL._SL500_.jpg	2024-08-14T08:54:46.000Z
B0B922FNWW	Mindful Listening	HBR Emotional Intelligence Series		Harvard Business Review	Eleanor McCormick, P.J. Ochlan	HBR Emotional Intelligence Series		Business & Careers, Personal Success, Business Communication, Business & Careers, Personal Success, Motivation & Self-Improvement	101	False	0.0	4.5	14	2025-03-17T03:04:21.000Z	2022-08-16	https://m.media-amazon.com/images/I/41mCcYKMwuL._SL500_.jpg	2025-03-17T03:04:21.000Z
B0BB8FM3VV	Purpose, Meaning, and Passion	HBR Emotional Intelligence Series		Harvard Business Review	Justin Price, Ann Sprinkle	HBR Emotional Intelligence Series		Business & Careers, Personal Success, Parenting & Relationships, Self-Help, Success	139	False	0.0	3.8	4	2025-03-17T03:04:17.000Z	2022-08-30	https://m.media-amazon.com/images/I/4151VOhy3-L._SL500_.jpg	2025-03-17T03:04:17.000Z
B0BDJF3HTZ	Dealing with Difficult People	HBR Emotional Intelligence Series		Harvard Business Review	Mike Lenz, Eleanor McCormick	HBR Emotional Intelligence Series		Business & Careers, Personal Success, Conflict Resolution, Health & Wellness, Psychology & Mental Health, Psychology, Parenting & Relationships, Self-Help, Communication & Social Skills, Parenting & Relationships, Relationships	107	False	44.86	4.3	93	2025-03-17T03:01:06.000Z	2022-09-08	https://m.media-amazon.com/images/I/41A+-kjaZNL._SL500_.jpg	2025-03-17T03:01:06.000Z
B0C79HSDKS	Disentangling from Emotionally Immature People	Avoid Emotional Traps, Stand Up for Your Self, and Transform Your Relationships as an Adult Child of Emotionally Immature Parents		Lindsay C. Gibson PsyD	Rachel Perry			Health & Wellness, Psychology & Mental Health, Psychology, Parenting & Relationships, Self-Help, Success, Parenting & Relationships, Parenting, Dysfunctional Families, Parenting & Relationships, Relationships	563	False	2.84	5.0	2	2024-07-16T16:30:11.142Z	2023-07-01	https://m.media-amazon.com/images/I/41b-MaKhVCL._SL500_.jpg	2024-07-16T16:30:11.142Z
B0CLVQFZ7D	Why Machines Learn	The Elegant Maths Behind Modern AI		Anil Ananthaswamy	Rene Ruiz			Computers & Technology, Computer Science, Computers & Technology, History & Culture, Science & Engineering	810	False	0.12	5.0	5	2025-01-29T07:08:17.656Z	2024-07-16	https://m.media-amazon.com/images/I/41bPIapreFL._SL500_.jpg	2025-01-29T07:08:17.656Z
B0CN9RCRCL	Brave New Words	How AI Will Revolutionize Education (and Why That’s a Good Thing)		Salman Khan	Salman Khan			Politics & Social Sciences, Social Sciences, Future Studies, Education & Learning, Education, Computers & Technology, Computer Science	397	False	0.0	4.6	26	2024-10-20T09:34:56.107Z	2024-05-14	https://m.media-amazon.com/images/I/41gIR6h1JfL._SL500_.jpg	2024-10-20T09:34:56.107Z
B0CNRXL1BS	The Day I Became a Runner	A Women's History of India Through the Lens of Sport		Sohini Chattopadhyay	Shivani Vakil Savant			Sports & Outdoors, Running & Jogging, Sports & Outdoors, Sociology of Sports, History, Asia, India, History, Asia, South Asia	807	False	9.54	4.7	7	2024-04-06T05:26:41.962Z	2023-11-30	https://m.media-amazon.com/images/I/41K5-T5BTWL._SL500_.jpg	2024-04-06T05:26:41.962Z
B0D8BTT5B9	AI Snake Oil	What Artificial Intelligence Can Do, What It Can't, and How to Tell the Difference		Sayash Kapoor, Arvind Narayanan	Landon Woodson			Computers & Technology, Computer Science, Computers & Technology, History & Culture	598	True	91.64	4.4	13	2024-10-20T09:34:11.713Z	2024-09-24	https://m.media-amazon.com/images/I/51a8ZIXaV0L._SL500_.jpg	2024-10-20T09:34:11.713Z
B0DJ1R5NTX	The Next Conversation	Argue Less, Talk More		Jefferson Fisher	Jefferson Fisher			Business & Careers, Management & Leadership, Negotiating, Business & Careers, Personal Success, Business Communication, Parenting & Relationships, Self-Help, Success, Parenting & Relationships, Self-Help, Communication & Social Skills, Parenting & Relationships, Relationships, Friendship	395	False	45.57	4.7	10	2025-05-25T06:47:01.561Z	2025-03-20	https://m.media-amazon.com/images/I/41lSwa5ISRL._SL500_.jpg	2025-05-25T06:47:01.561Z
